name,address,establishment_type,food_categories
KRI Restaurant,"Silliman Avenue, Dumaguete City",restaurant,"asian fusion, lunch, dinner"
Why Not? Restaurant,"Rizal Boulevard, Dumaguete City",restaurant,"international, lunch, dinner, drinks"
The Rollin' Pin,"San Jose St, Dumaguete City",cafe,"pastry, breakfast, coffee"
Cafe Mamia,"San Jose St, Dumaguete City",cafe,"breakfast, lunch, coffee, dessert"
Mooon Cafe,"Silliman Avenue, Dumaguete City",restaurant,"mexican, lunch, dinner"
2 Story Kitchen,"Sta. Catalina St, Dumaguete City",cafe,"korean, coffee, dessert, snacks"
Pasta King,"South Road, Calindagan, Dumaguete City",restaurant,"italian, lunch, dinner, pizza"
Tom N Toms Coffee,"Rizal Boulevard, Dumaguete City",cafe,"coffee, pastry, dessert"
Panda Ice Cream Hauz,"Ma. Cristina St, Dumaguete City",dessert shop,"dessert, ice cream, snacks"
Esturya,"Hibbard Avenue, Dumaguete City",bar and restaurant,"pizza, drinks, dinner"
Gracey's Pizza Dauin,"National Highway, Poblacion, Dauin",restaurant,"pizza, lunch, dinner"
Bongo Bongo Divers Cafe,"Poblacion, Dauin",cafe,"breakfast, lunch, coffee, healthy"
El Dorado Beach Resort Restaurant,"Lipayo, Dauin",restaurant,"international, breakfast, lunch, dinner"
Salaya Beach Houses Restaurant,"Lipayo, Dauin",fine dining,"fine dining, international, vegan options"
Liquid Dive Resort Restaurant,"Bulak, Dauin",restaurant,"breakfast, lunch, dinner, drinks"
Cafe Filomena,"Bravo Hotel, Looc, Sibulan",restaurant,"filipino, international, lunch, dinner"
Jo's By The Sea,"National Highway, Sibulan",restaurant,"seafood, filipino, lunch, dinner"
Food Camp Sibulan,"National Highway, Poblacion, Sibulan",food park,"street food, snacks, dinner, barbecue"
Mel's Cafe,"Poblacion, Sibulan",cafe,"coffee, pastry, breakfast"
Watever Family KTV and Restaurant,"E.J. Blanco Drive, Dumaguete City",bar and restaurant,"snacks, dinner, drinks"
Meltin' Pot,"Rizal Boulevard, Dumaguete City",restaurant,"lunch, dinner, filipino, international"
Buglas Isla Cafe,"Villa Amada, Hibbard Ave, Dumaguete City",cafe,"breakfast, lunch, filipino"
Atmosphere Resorts & Spa Restaurant,"Maayong Tubig, Dauin",fine dining,"fine dining, healthy, international, wine"
Silver Reef Dive Resort Restaurant,"Poblacion, Dauin",restaurant,"breakfast, lunch, dinner, seafood"
Flamin' Grill,"National Highway, Agan-an, Sibulan",restaurant,"burgers, lunch, dinner, american"
Silliman Campus Cafe,"Hibbard Avenue, Dumaguete City",cafe,"pastry, breakfast, dessert"
Sibulan Highway Eatery,"National Highway, Sibulan",fast food,"lunch, dinner"
Boulevard Seafood Restaurant,"Rizal Boulevard, Dumaguete City",restaurant,"lunch, dinner"
Sans Rival Cakes & Pastries,"San Jose St, Dumaguete City",cafe,"dessert, pastry, snack"
Lantaw Native Restaurant,"Flores Avenue, Escaño Beach, Dumaguete City",restaurant,"lunch, dinner, seafood"
Gabby's Bistro,"E.J. Blanco Drive, Piapi, Dumaguete City",restaurant,"breakfast, lunch, dinner, comfort food"
Jo's Chicken Inato,"Silliman Avenue, Dumaguete City",restaurant,"lunch, dinner, barbecue"
Hayahay Treehouse Bar and Viewdeck,"Flores Avenue, Piapi, Dumaguete City",bar and restaurant,"dinner, seafood, drinks"
Casablanca Restaurant,"Rizal Boulevard, corner Noblefranca St, Dumaguete City",restaurant,"fine dining, dinner, international"
Neva's Pizza,"Hibbard Avenue, Dumaguete City",restaurant,"lunch, dinner, pizza"
Tierra Alta Residential Resort Restaurant,"Tierra Alta, Valencia",restaurant,"lunch, dinner, international"
Finbar,"Poblacion, Dauin",bar and restaurant,"dinner, drinks, pizza"
Adamo,"Tindalo St, Daro, Dumaguete City",restaurant,"fine dining, lunch, dinner"
Qyosko Cafe,"Sta. Rosa St, Dumaguete City",cafe,"breakfast, lunch, coffee"
Cafe Antonio,"San Juan St, Dumaguete City",cafe,"coffee, snack, dessert"
Mifune Japanese Restaurant,"Escaño Beach, Flores Avenue, Dumaguete City",restaurant,"lunch, dinner, japanese"
Lord Byron's Backribs,"E.J. Blanco Drive, Dumaguete City",restaurant,"lunch, dinner, barbecue"
The Cliffhouse,"Apolong, Valencia",cafe,"coffee, snack, dessert"
Bogo's Inasal,"National Highway, Bais City",restaurant,"lunch, dinner, barbecue"
Sr. Pedro Lechon Manok Sibulan,"National Highway, Sibulan",fast food,"takeout, lunch, dinner"
Mrs. Breadworth,"Paseo Perdices, Rizal Boulevard, Dumaguete City",cafe and bakery,"matcha, pastry, coffee, dessert"
Yvan Cafe,"Hibbard Avenue, Piapi, Dumaguete City",cafe,"matcha, frappe, dessert, coffee"
Willows Rock,Dumaguete City,cafe,"matcha, coffee, pastry"
Unmei,Dumaguete City,cafe,"matcha, drinks, japanese"
Coffee Collective,"San Jose St, Dumaguete City",cafe,"matcha, specialty coffee, pastry"
Grounded Coffee House,"Meciano Road, Dumaguete City",cafe,"matcha, coffee, pastry, breakfast"
Cafe Orlina,Dumaguete City,cafe,"matcha, coffee, drinks"
Kapeng Lokal,Dumaguete City,cafe,"matcha, coffee, drinks"
Gong Cha,"Robinsons Place, Calindagan, Dumaguete City",milk tea shop,"matcha, milk tea, drinks"
The Bean Connection,"Portal West, Silliman Avenue, Dumaguete City",coffee shop,"coffee, pastry, dessert"
Bo's Coffee,"Rizal Boulevard, Dumaguete City",coffee shop,"coffee, breakfast, pastry"
Chapters Cafe,"San Jose St, Dumaguete City",coffee shop,"coffee, dessert, snacks"
Cafe Alima,"E.J. Blanco Drive, Daro, Dumaguete City",coffee shop,"coffee, pastry, brunch"
The Nook Espresso Bar,"Escaño Beach, Piapi, Dumaguete City",coffee shop,"specialty coffee, snack"
Flock Cafe,"Hibbard Avenue, Bantayan, Dumaguete City",coffee shop,"specialty coffee, pastry"
Pick-Up Coffee,"Robinsons Place, Calindagan, Dumaguete City",coffee shop,"coffee, drinks"
Portside Coffee,"Sibulan Port Area, Sibulan",coffee shop,"coffee, snacks, breakfast"
Dauin Dive Cafe,"Poblacion, Dauin",coffee shop,"coffee, breakfast, smoothies"
U-Vina Cafe,"National Highway, Sibulan",coffee shop,"coffee, dessert, snacks"
Matsya Cafe,Dumaguete City,cafe,"matcha, coffee, plant-based, dessert"
Cheesestick Country,"Escaño Road, Piapi, Dumaguete City",food stall,"snacks, street food, drinks, dinner"
