Participant ID,Study Technique,Exam Score
1,Active Recall,88
2,Active Recall,92
3,Active Recall,85
4,Active Recall,90
5,Active Recall,81
6,Active Recall,87
7,Active Recall,94
8,Active Recall,84
9,Active Recall,89
10,Active Recall,86
11,Active Recall,91
12,Active Recall,79
13,Active Recall,93
14,Active Recall,88
15,Active Recall,85
16,Passive Reading,78
17,Passive Reading,82
18,Passive Reading,75
19,Passive Reading,80
20,Passive Reading,72
21,Passive Reading,77
22,Passive Reading,85
23,Passive Reading,79
24,Passive Reading,74
25,Passive Reading,81
26,Passive Reading,76
27,Passive Reading,83
28,Passive Reading,70
29,Passive Reading,78
30,Passive Reading,80